,names,nationality
0,Gershon,yiddish
1,Lantz,yiddish
2,Zaide,yiddish
3,Zalman,yiddish
4,Zindel,yiddish
6,Bruna,yiddish
7,Kyla,yiddish
8,Leba,yiddish
9,Mindel,yiddish
10,Shayndel,yiddish
11,Syshe,yiddish
12,Alan,gaelic
13,Angus,gaelic
14,Blaan,gaelic
15,Conan,gaelic
16,Fagan,gaelic
17,Kade,gaelic
18,Keefe,gaelic
19,Keegan,gaelic
20,Keeland,gaelic
21,Keenan,gaelic
22,Kennedy,gaelic
23,Kenyon,gaelic
24,Kermit,gaelic
25,Kern,gaelic
26,Kerry,gaelic
27,Kevin,gaelic
28,Kieran,gaelic
29,Kinnel,gaelic
30,Lawler,gaelic
31,Lee,gaelic
32,Lennon,gaelic
33,Lon,gaelic
34,Mackenzie,gaelic
35,Neal,gaelic
36,Parlan,gaelic
37,Phelan,gaelic
38,Regan,gaelic
39,Renny,gaelic
40,Riley,gaelic
41,Riordan,gaelic
42,Rogan,gaelic
43,Rooney,gaelic
44,Rory,gaelic
45,Ryan,gaelic
46,Seamus,gaelic
47,Senach,gaelic
48,Sheehan,gaelic
49,Slevin,gaelic
50,Sloan,gaelic
51,Sullivan,gaelic
52,Sully,gaelic
53,Sweeny,gaelic
54,Tee,gaelic
56,Blaine,gaelic
57,Blair,gaelic
58,Eilis,gaelic
59,Kalene,gaelic
60,Keaira,gaelic
61,Keelty,gaelic
62,Keely,gaelic
63,Keen,gaelic
64,Keitha,gaelic
65,Kellan,gaelic
66,Kennis,gaelic
67,Kerry,gaelic
68,Kevina,gaelic
69,Killian,gaelic
70,Kyna,gaelic
71,Lakyle,gaelic
72,Lee,gaelic
73,Mab,gaelic
74,Maeryn,gaelic
75,Maille,gaelic
76,Mairi,gaelic
77,Maisie,gaelic
78,Meara,gaelic
79,Meckenzie,gaelic
80,Myrna,gaelic
81,Nara,gaelic
82,Neala,gaelic
83,Nelia,gaelic
84,Oona,gaelic
85,Quinn,gaelic
86,Rhoswen,gaelic
87,Riane,gaelic
88,Riley,gaelic
89,Rogan,gaelic
90,Rona,gaelic
91,Ryan,gaelic
92,Sadb,gaelic
93,Shanley,gaelic
94,Shelagh,gaelic
95,Sine,gaelic
96,Siobhan,gaelic
97,Sorcha,gaelic
98,Ultreia,gaelic
99,Vevila,gaelic
100,Afram,african
101,Arali,african
102,Armani,african
103,Banji,african
104,Chata,african
105,Chiamaka,african
106,Chike,african
107,Dakarai,african
108,Deion,african
109,Deiondre,african
110,Dele,african
111,Dembe,african
112,Denzel,african
113,Dewayne,african
114,Diallo,african
115,Dikembe,african
116,Duante,african
117,Dume,african
118,Ebi,african
119,Essien,african
120,Faraji,african
121,Ibeamaka,african
122,Jamar,african
123,Jayvyn,african
124,Jevonte,african
125,Kabonero,african
126,Kabonesa,african
127,Kadeem,african
128,Kaleb,african
129,Kasi,african
130,Kendis,african
131,Kentay,african
132,Keshawn,african
133,Khalon,african
134,Kofi,african
135,Kwamin,african
136,Kwau,african
137,Kyan,african
138,Kyrone,african
139,La Vonn,african
140,Lado,african
141,Laken,african
142,Lakista,african
143,Lamech,african
144,Lavaughn,african
145,LeBron,african
146,Lisimba,african
147,Ludacris,african
148,Lugono,african
149,Luister,african
151,Aba,african
152,Abeni,african
153,Abiba,african
154,Abmaba,african
155,Aissa,african
156,Ajua,african
157,Akosua,african
158,Armani,african
159,Arziki,african
160,Asha,african
161,Ashanti,african
162,Ayana,african
163,Baako,african
164,Beyonce,african
165,Bisa,african
166,Cacey,african
167,Cassietta,african
168,Catava,african
169,Chipo,african
170,Cleotha,african
171,Deiondre,african
172,Deka,african
173,Delu,african
174,Dericia,african
175,Diara,african
176,Doli,african
177,Dumi,african
178,Ebere,african
179,Ekua,african
180,Faizah,african
181,Fola,african
182,Gaynelle,african
183,Habika,african
184,Hawa,african
185,Isoke,african
186,Jendayi,african
187,Jira,african
188,Kabibe,african
189,Kabira,african
190,Kacela,african
191,Kacondra,african
192,Kadija,african
193,Kainda,african
194,Kambo,african
195,Kande,african
196,Kanene,african
197,Kanesha,african
198,Kanoni,african
199,Kapera,african
200,Kapuki,african
201,Aban,irish
202,Adan,irish
203,Adare,irish
204,Aeary,irish
205,Avonmore,irish
206,Bain,irish
207,Bairre,irish
208,Ballinamore,irish
209,Banagher,irish
210,Barry,irish
211,Beacan,irish
212,Benen,irish
213,Bevin,irish
214,Blaan,irish
215,Blaine,irish
216,Blair,irish
217,Boyd,irish
218,Braden,irish
219,Bram,irish
220,Brett,irish
221,Brian,irish
222,Buzz,irish
223,Caedmon,irish
224,Caelan,irish
225,Calder,irish
226,Calhoun,irish
227,Campbell,irish
228,Canice,irish
229,Carden,irish
230,Carey,irish
231,Carlow,irish
232,Carrick,irish
233,Ciaran,irish
234,Clancy,irish
235,Colin,irish
236,Colm,irish
237,Conall,irish
238,Conner,irish
239,Cormack,irish
240,Craig,irish
241,Cullen,irish
242,Curan,irish
243,Cuyler,irish
244,Dacian,irish
245,Dailan,irish
246,Daire,irish
247,Dallas,irish
248,Dallin,irish
249,Darby,irish
250,Darcy,irish
252,Adan,irish
253,Aella,irish
254,Afric,irish
255,Ailis,irish
256,Akaisha,irish
257,Alana,irish
258,Alison,irish
259,Arlene,irish
260,Bedelia,irish
261,Birgit,irish
262,Breck,irish
263,Breena,irish
264,Brena,irish
265,Brenda,irish
266,Brice,irish
267,Bridget,irish
268,Cacey,irish
269,Caitlin,irish
270,Callan,irish
271,Cara,irish
272,Carey,irish
273,Carin,irish
274,Casey,irish
275,Cassidy,irish
276,Ceara,irish
277,Chay,irish
278,Ciannait,irish
279,Clodagh,irish
280,Colleen,irish
281,Cordelia,irish
282,Darby,irish
283,Darcie,irish
284,Daryn,irish
285,Derry,irish
286,Dierdre,irish
287,Donelle,irish
288,Duvessa,irish
289,Dymphna,irish
290,Earlene,irish
291,Ennis,irish
292,Erin,irish
293,Farran,irish
294,Feena,irish
295,Gail,irish
296,Gilda,irish
297,Glen,irish
298,Guinevere,irish
299,Haley,irish
300,Hiolair,irish
301,Hisolda,irish
302,Atilla,hungarian
303,Dezso,hungarian
304,Dorjan,hungarian
305,Ervin,hungarian
306,Gedeon,hungarian
307,Gerson,hungarian
308,Kada,hungarian
309,Kalman,hungarian
310,Kaplony,hungarian
311,Kapolcs,hungarian
312,Kardos,hungarian
313,Karsa,hungarian
314,Kartal,hungarian
315,Keled,hungarian
316,Keleman,hungarian
317,Kemenes,hungarian
318,Kende,hungarian
319,Kerecsen,hungarian
320,Keve,hungarian
321,Kinga,hungarian
322,Kolos,hungarian
323,Kont,hungarian
324,Kund,hungarian
325,Laborc,hungarian
326,Ladomér,hungarian
327,Lantos,hungarian
328,László,hungarian
329,Lehel,hungarian
330,Lél,hungarian
331,Levente,hungarian
332,Lipót,hungarian
333,Loránd,hungarian
334,Lõrinc,hungarian
335,Medárd,hungarian
336,Megyer,hungarian
337,Menyhért,hungarian
338,Miksa,hungarian
339,Milán,hungarian
340,Mór,hungarian
341,Nándor,hungarian
342,Nyék,hungarian
343,Odon,hungarian
344,Oguz,hungarian
345,Ond,hungarian
346,Onelia,hungarian
347,Orbán,hungarian
348,Örkény,hungarian
349,Ormos,hungarian
350,Örs,hungarian
351,Oszlár,hungarian
353,Bela,hungarian
354,Kamella,hungarian
355,Katalin,hungarian
356,Katoka,hungarian
357,Klara,hungarian
358,Klarika,hungarian
359,Lenci,hungarian
360,Lilike,hungarian
361,Lorand,hungarian
362,Nusa,hungarian
363,Onella,hungarian
364,Zigana,hungarian
365,Zizi,hungarian
366,Zsa Zsa,hungarian
367,Abelard,german
368,Adie,german
369,Adler,german
370,Adolph,german
371,Alaric,german
372,Albert,german
373,Albrecht,german
374,Alger,german
375,Ancel,german
376,Arland,german
377,Armand,german
378,Arnold,german
379,Avicus,german
380,Baldwin,german
381,Baltasar,german
382,Baron,german
383,Bergen,german
384,Bernard,german
385,Bernstein,german
386,Bertram,german
387,Bingham,german
388,Bogart,german
389,Brandeis,german
390,Bronson,german
391,Bud,german
392,Burke,german
393,Burle,german
394,Carsten,german
395,Clay,german
396,Clovis,german
397,Colbert,german
398,Dagobert,german
399,Dalbert,german
400,Dale,german
401,Derek,german
402,Dewitt,german
403,Dian,german
404,Dieter,german
405,Dietrich,german
406,Dolf,german
407,Drake,german
408,Dutch,german
409,Eberhard,german
410,Egmont,german
411,Elbert,german
412,Emery,german
413,Ethelred,german
414,Everett,german
415,Falk,german
416,Ferdinand,german
418,Adalgisa,german
419,Adelaide,german
420,Adolfina,german
421,Aemilia,german
422,Alberta,german
423,Alice,german
424,Alisha,german
425,Amelia,german
426,Amerie,german
427,Anneliese,german
428,Antje,german
429,Arabelle,german
430,Aria,german
431,Arrietty,german
432,Aubrey,german
433,Berit,german
434,Berlynn,german
435,Binney,german
436,Bluma,german
437,Bruna,german
438,Callan,german
439,Cecania,german
440,Clay,german
441,Dagmar,german
442,Dale,german
443,Dame,german
444,Della,german
445,Dustin,german
446,Ebba,german
447,Edwina,german
448,Elfriede,german
449,Emma,german
450,Emmylou,german
451,Ermine,german
452,Faiga,german
453,Farica,german
454,Frederica,german
455,Frieda,german
456,Galiana,german
457,Geraldine,german
458,Gertrude,german
459,Gretchen,german
460,Griselda,german
461,Hallam,german
462,Heidi,german
463,Henrietta,german
464,Hilda,german
465,Honey,german
466,Ilsa,german
467,Imelda,german
468,Anderson,swedish
469,Axel,swedish
470,Balder,swedish
471,Beck,swedish
472,Burr,swedish
473,Fiske,swedish
474,Gustave,swedish
475,Per,swedish
476,Staffan,swedish
478,Kajsa,swedish
479,Maj,swedish
480,Signe,swedish
481,Trind,swedish
482,Valborg,swedish
483,Akira,japanese
484,Banko,japanese
485,Banzan,japanese
486,Bassui,japanese
487,Benjiro,japanese
488,Botan,japanese
489,Chimon,japanese
490,Chotan,japanese
491,Dai,japanese
492,Dai-In,japanese
493,Daido,japanese
494,Doryo,japanese
495,Engu,japanese
496,Enki,japanese
497,Enmei,japanese
498,Eryu,japanese
499,Fudoki,japanese
500,Fujita,japanese
501,Genko,japanese
502,Goro,japanese
503,Hakaku,japanese
504,Haru,japanese
505,Hideaki,japanese
506,Hiromasa,japanese
507,Hiroshi,japanese
508,Hisoka,japanese
509,Hoshi,japanese
510,Iachima,japanese
511,Itsu,japanese
512,Jikai,japanese
513,Jiro,japanese
514,Jiryu,japanese
515,Joben,japanese
516,Joji,japanese
517,Jomei,japanese
518,Junichiro,japanese
519,Kado,japanese
520,Kaisha,japanese
521,Kakumyo,japanese
522,Kanaye,japanese
523,Kando,japanese
524,Kane,japanese
525,Kaori,japanese
526,Kazuo,japanese
527,Keitaro,japanese
528,Kentaro,japanese
529,Kin,japanese
530,Kishi,japanese
531,Kisho,japanese
532,Kiyoshi,japanese
534,Ai,japanese
535,Aiko,japanese
536,Akako,japanese
537,Akanah,japanese
538,Aki,japanese
539,Akina,japanese
540,Akiyama,japanese
541,Amarante,japanese
542,Amaya,japanese
543,Aneko,japanese
544,Anzan,japanese
545,Anzu,japanese
546,Aoi,japanese
547,Asa,japanese
548,Ayame,japanese
549,Bankei,japanese
550,Chika,japanese
551,Chinshu,japanese
552,Chiyo,japanese
553,Cho,japanese
554,Chorei,japanese
555,Dai,japanese
556,Eido,japanese
557,Etsu,japanese
558,Fuyo,japanese
559,Gyo Shin,japanese
560,Hakue,japanese
561,Hama,japanese
562,Hanako,japanese
563,Haya,japanese
564,Hisa,japanese
565,Hoshi,japanese
566,Ima,japanese
567,Ishi,japanese
568,Iva,japanese
569,Jakushitsu,japanese
570,Jimin,japanese
571,Jin,japanese
572,JoMei,japanese
573,Kaede,japanese
574,Kagami,japanese
575,Kaida,japanese
576,Kaiya,japanese
577,Kameko,japanese
578,Kamin,japanese
579,Kane,japanese
580,Kaori,japanese
581,Kaoru,japanese
582,Kata,japanese
583,Kaya,japanese
584,Agatho,italian
585,Amedeo,italian
586,Amerigo,italian
587,Aretino,italian
588,Arrigo,italian
589,Attilio,italian
590,Benvenuto,italian
591,Biondello,italian
592,Borachio,italian
593,Braulio,italian
594,Bronze,italian
595,Cajetan,italian
596,Carmelo,italian
597,Carmine,italian
598,Celesto,italian
599,Cirrillo,italian
600,Constanzo,italian
601,Corrado,italian
602,Demarco,italian
603,Deusdedit,italian
604,Donato,italian
605,Donus,italian
606,Eriberto,italian
607,Ermanno,italian
608,Ettore,italian
609,Falito,italian
610,Fiorello,italian
611,Flavio,italian
612,Fleance,italian
613,Floritzel,italian
614,Fortino,italian
615,Galileo,italian
616,Genovese,italian
617,Giancarlo,italian
618,Gianni,italian
619,Gino,italian
620,Gioacchino,italian
621,Giovanni,italian
622,Gratiano,italian
623,Honorius,italian
624,Hormisdas,italian
625,Hortensio,italian
626,Indro,italian
627,Lombardi,italian
628,Marco,italian
629,Mariano,italian
630,Martino,italian
631,Massimo,italian
632,Maurizio,italian
633,Maury,italian
635,Abriana,italian
636,Bambi,italian
637,Bianca,italian
638,Caprice,italian
639,Cara,italian
640,Carin,italian
641,Carlotta,italian
642,Cettina,italian
643,Contessa,italian
644,Domani,italian
645,Donatella,italian
646,Fabiana,italian
647,Fiorella,italian
648,Fiorenza,italian
649,Gaetana,italian
650,Gioia,italian
651,Giordana,italian
652,Giovanna,italian
653,Graziella,italian
654,Ilaria,italian
655,Itala,italian
656,Justina,italian
657,Lanza,italian
658,Lave,italian
659,Liona,italian
660,Luca,italian
661,Lucia,italian
662,Luciana,italian
663,Mariabella,italian
664,Marietta,italian
665,Marsala,italian
666,Mia,italian
667,Michelle,italian
668,Mila,italian
669,Natalia,italian
670,Neroli,italian
671,Ornella,italian
672,Prima,italian
673,Primavera,italian
674,Quorra,italian
675,Ricarda,italian
676,Rocio,italian
677,Romana,italian
678,Ruffina,italian
679,Sidonia,italian
680,Sienna,italian
681,Sistine,italian
682,Speranza,italian
683,Tessa,italian
684,Trilby,italian
685,Acura,american
686,Audio,american
687,Babyface,american
688,Banjo,american
689,Blaze,american
690,Bono,american
691,Boston,american
692,Butch,american
693,Cola,american
694,Coolio,american
695,Corvette,american
696,Deandre,american
697,Delmonte,american
698,Disney,american
699,Draylan,american
700,Droe,american
701,Durango,american
702,Duras,american
703,Dwalin,american
704,Edsel,american
705,Eminem,american
706,ESPN,american
707,Hamaliel,american
708,Harlem,american
709,Hopper,american
710,Hovie,american
711,Hulk,american
712,Jace,american
713,Jaxon,american
714,Jay-Z,american
715,Jeeves,american
716,Kacy,american
717,Kaden,american
718,Kadi,american
719,Kamon,american
720,Kance,american
721,Kaper,american
722,Kateo,american
723,Keandre,american
724,Ketchum,american
725,Khambrel,american
726,Kix,american
727,Koshy,american
728,Koster,american
729,Kyzer,american
730,Lafe,american
731,Lando,american
732,Lariat,american
733,Larnell,american
734,Lassiter,american
736,Apple,american
737,Atlanta,american
738,Blue Angel,american
739,Brandie,american
740,Cady,american
741,Camera,american
742,Cricket,american
743,Dannon,american
744,Darena,american
745,Day,american
746,Dimaia,american
747,Dixie,american
748,Doli,american
749,Easter,american
750,Eternity,american
751,February,american
752,Fiolla,american
753,Gaeriel,american
754,Geena,american
755,Gentle,american
756,Heavenly,american
757,Iesha,american
758,Jakki,american
759,Jazz,american
760,Jo Dee,american
761,Jody,american
762,Joey,american
763,JoJo,american
764,Joni,american
765,Juice,american
766,Kacy,american
767,Kaden,american
768,Kadie,american
769,Kaelyn,american
770,Kailey,american
771,Kaili,american
772,Kailyn,american
773,Kalei,american
774,Kaley,american
775,Kalisa,american
776,Kallan,american
777,Kallima,american
778,Kalyn,american
779,Kameron,american
780,Kamryn,american
781,Kandra,american
782,Kaneesha,american
783,Kanisha,american
784,Kaprece,american
785,Karan,american
786,Akamu,hawaiian
787,Analu,hawaiian
788,Aulii,hawaiian
789,Bane,hawaiian
790,Eowyn,hawaiian
791,Havika,hawaiian
792,Kahale,hawaiian
793,Kahanu,hawaiian
794,Kahoku,hawaiian
795,Kaholo,hawaiian
796,Kai,hawaiian
797,Kaikeapona,hawaiian
798,Kaipo,hawaiian
799,Kalama,hawaiian
800,Kale,hawaiian
801,Kalei,hawaiian
802,Kaleo,hawaiian
803,Kalepa,hawaiian
804,Kana,hawaiian
805,Kane,hawaiian
806,Kanoa,hawaiian
807,Kapono,hawaiian
808,Keahi,hawaiian
809,Keanu,hawaiian
810,Kekoa,hawaiian
811,Kelii,hawaiian
812,Keona,hawaiian
813,Kepano,hawaiian
814,Konala,hawaiian
815,Laakea,hawaiian
816,Laionela,hawaiian
817,Loe,hawaiian
818,Lono,hawaiian
819,Lulani,hawaiian
820,Maik,hawaiian
821,Makaio,hawaiian
822,Makan,hawaiian
823,Malo,hawaiian
824,Manu,hawaiian
825,Mauli,hawaiian
826,Meka,hawaiian
827,Moke,hawaiian
828,Nahele,hawaiian
829,Nalani,hawaiian
830,Okalani,hawaiian
831,Oke,hawaiian
832,Okelani,hawaiian
833,Oliana,hawaiian
834,Onaona,hawaiian
835,Palani,hawaiian
837,Alana,hawaiian
838,Aloani,hawaiian
839,Aloha,hawaiian
840,Alohi,hawaiian
841,Alona,hawaiian
842,Anani,hawaiian
843,Aulii,hawaiian
844,Edena,hawaiian
845,Haimi,hawaiian
846,Iolana,hawaiian
847,Kai,hawaiian
848,Kailani,hawaiian
849,Kaili,hawaiian
850,Kaimi,hawaiian
851,Kalama,hawaiian
852,Kalani,hawaiian
853,Kalena,hawaiian
854,Kaley,hawaiian
855,Kali,hawaiian
856,Kalia,hawaiian
857,Kalina,hawaiian
858,Kaloni,hawaiian
859,Kamea,hawaiian
860,Kawena,hawaiian
861,Keahi,hawaiian
862,Keala,hawaiian
863,Keandra,hawaiian
864,Keanu,hawaiian
865,Keiki,hawaiian
866,Keilana,hawaiian
867,Kekona,hawaiian
868,Keola,hawaiian
869,Kiana,hawaiian
870,Kiele,hawaiian
871,Kina,hawaiian
872,Kinipela,hawaiian
873,Konane,hawaiian
874,Lahela,hawaiian
875,Lanai,hawaiian
876,Lani,hawaiian
877,Lanikai,hawaiian
878,Leilana,hawaiian
879,Liliha,hawaiian
880,Lilo,hawaiian
881,Loe,hawaiian
882,Lokelani,hawaiian
883,Luana,hawaiian
884,Mahala,hawaiian
885,Mahina,hawaiian
886,Maik,hawaiian
887,Achilles,greek
888,Adonis,greek
889,Adrian,greek
890,Agamemnon,greek
891,Ajax,greek
892,Alcander,greek
893,Alcibiades,greek
894,Alexander,greek
895,Altair,greek
896,Amar,greek
897,Ambrose,greek
898,Anacletus,greek
899,Anastasius,greek
900,Anatole,greek
901,Andrew,greek
902,Andromeda,greek
903,Anker,greek
904,Anstice,greek
905,Antenor,greek
906,Anthony,greek
907,Antigonus,greek
908,Apollo,greek
909,Apostolos,greek
910,Archelaus,greek
911,Archimedes,greek
912,Ares,greek
913,Argus,greek
914,Arion,greek
915,Aristide,greek
916,Arsenio,greek
917,Asmodel,greek
918,Aster,greek
919,Athan,greek
920,Athanasios,greek
921,Athos,greek
922,Atlas,greek
923,Autolocus,greek
924,Avel,greek
925,Baptiste,greek
926,Basil,greek
927,Bates,greek
928,Bemus,greek
929,Bishop,greek
930,Caesar,greek
931,Callistus,greek
932,Cancer,greek
933,Carsten,greek
934,Castor,greek
935,Centaurus,greek
936,Charon,greek
938,Acantha,greek
939,Adara,greek
940,Adelpha,greek
941,Adrienne,greek
942,Aegle,greek
943,Afrodite,greek
944,Agape,greek
945,Agata,greek
946,Aglaia,greek
947,Agnes,greek
948,Aileen,greek
949,Alcina,greek
950,Aldora,greek
951,Alethea,greek
952,Alexandra,greek
953,Alice,greek
954,Alida,greek
955,Alisha,greek
956,Alixia,greek
957,Althea,greek
958,Aludra,greek
959,Amara,greek
960,Ambrosia,greek
961,Amethyst,greek
962,Aminta,greek
963,Amphitrite,greek
964,Anastasia,greek
965,Andrea,greek
966,Andromache,greek
967,Andromeda,greek
968,Angela,greek
969,Anstice,greek
970,Antonia,greek
971,Anysia,greek
972,Aphrodite,greek
973,Apus,greek
974,Arali,greek
975,Aretha,greek
976,Ariadne,greek
977,Ariana,greek
978,Arissa,greek
979,Artemia,greek
980,Artemis,greek
981,Astrid,greek
982,Athena,greek
983,Atropos,greek
984,Aurora,greek
985,Avel,greek
986,Basalt,greek
987,Basilissa,greek
988,Kalani,polynesian
989,Lauaki,polynesian
990,Lisiate,polynesian
991,Uhila,polynesian
992,Ulani,polynesian
993,Vala,polynesian
994,Valu,polynesian
995,Vea,polynesian
997,Kaula,polynesian
998,Lana,polynesian
999,Mahal,polynesian
1000,Maili,polynesian
1001,Pua,polynesian
1002,Uinise,polynesian
1003,Vailea,polynesian
1004,Amund,scandinavian
1005,Arvid,scandinavian
1006,Bjorn,scandinavian
1007,Canute,scandinavian
1008,Carolus,scandinavian
1009,Carson,scandinavian
1010,Dag,scandinavian
1011,Davin,scandinavian
1012,Denholm,scandinavian
1013,Dyre,scandinavian
1014,Egil,scandinavian
1015,Elvis,scandinavian
1016,Eric,scandinavian
1017,Filip,scandinavian
1018,Fortinbras,scandinavian
1019,Frey,scandinavian
1020,Haakon,scandinavian
1021,Hannes,scandinavian
1022,Igor,scandinavian
1023,Ingmar,scandinavian
1024,Ingvar,scandinavian
1025,Jarl,scandinavian
1026,Kaj,scandinavian
1027,Karr,scandinavian
1028,Kelsey,scandinavian
1029,Kerr,scandinavian
1030,Kettil,scandinavian
1031,Knute,scandinavian
1032,Kolby,scandinavian
1033,Lars,scandinavian
1034,Ludvig,scandinavian
1035,Lunt,scandinavian
1036,Mats,scandinavian
1037,Nels,scandinavian
1038,Niels,scandinavian
1039,Norb,scandinavian
1040,Odell,scandinavian
1041,Odo,scandinavian
1042,Olan,scandinavian
1043,Pal,scandinavian
1044,Quinby,scandinavian
1045,Rad,scandinavian
1046,Rune,scandinavian
1047,Skjøld,scandinavian
1048,Snorre,scandinavian
1049,Steinar,scandinavian
1050,Stieran,scandinavian
1051,Sven,scandinavian
1052,Sølve,scandinavian
1053,Thiassi,scandinavian
1055,Alleta,scandinavian
1056,Bo,scandinavian
1057,Dagna,scandinavian
1058,Dahlia,scandinavian
1059,Delling,scandinavian
1060,Eir,scandinavian
1061,Erica,scandinavian
1062,Evonne,scandinavian
1063,Freya,scandinavian
1064,Gudrun,scandinavian
1065,Gunda,scandinavian
1066,Halle,scandinavian
1067,Idonea,scandinavian
1068,Ingrid,scandinavian
1069,Jesen,scandinavian
1070,Karena,scandinavian
1071,Kelda,scandinavian
1072,Kelsey,scandinavian
1073,Kiersten,scandinavian
1074,Krystyn,scandinavian
1075,Lang,scandinavian
1076,Larsen,scandinavian
1077,Linnea,scandinavian
1078,Lis,scandinavian
1079,Lisolette,scandinavian
1080,Litzy,scandinavian
1081,Loki,scandinavian
1082,Lundy,scandinavian
1083,Malin,scandinavian
1084,Marny,scandinavian
1085,Mia,scandinavian
1086,Nissa,scandinavian
1087,Quenby,scandinavian
1088,Quinby,scandinavian
1089,Ran,scandinavian
1090,Ranveig,scandinavian
1091,Rinda,scandinavian
1092,Runa,scandinavian
1093,Sanna,scandinavian
1094,Savea,scandinavian
1095,Selma,scandinavian
1096,Signa,scandinavian
1097,Signild,scandinavian
1098,Sigrun,scandinavian
1099,Snøfrid,scandinavian
1100,Sonja,scandinavian
1101,Sorley,scandinavian
1102,Svea,scandinavian
1103,Synnove,scandinavian
1104,Thorborg,scandinavian
1105,Agapetus,spanish
1106,Aimon,spanish
1107,Beltran,spanish
1108,Berto,spanish
1109,Bronco,spanish
1110,Cipriano,spanish
1111,Cisco,spanish
1112,Cortez,spanish
1113,Cruz,spanish
1114,Cuba,spanish
1115,Dario,spanish
1116,Desiderio,spanish
1117,Diego,spanish
1118,Dimos,spanish
1119,Fanuco,spanish
1120,Federico,spanish
1121,Fraco,spanish
1122,Francisco,spanish
1123,Frisco,spanish
1124,Gervasio,spanish
1125,Gig,spanish
1126,Gonzalo,spanish
1127,Guido,spanish
1128,Guillermo,spanish
1129,Hernan,spanish
1130,Hilario,spanish
1131,Ignado,spanish
1132,Isidro,spanish
1133,Jaguar,spanish
1134,Jair,spanish
1135,Javier,spanish
1136,Jerrold,spanish
1137,Juan,spanish
1138,Kiki,spanish
1139,Larenzo,spanish
1140,Lisandro,spanish
1141,Loredo,spanish
1142,Lorenzo,spanish
1143,Macario,spanish
1144,Malvolio,spanish
1145,Manuel,spanish
1146,Marjun,spanish
1147,Montana,spanish
1148,Montego,spanish
1149,Montel,spanish
1150,Montenegro,spanish
1151,Nasario,spanish
1152,Nemesio,spanish
1153,Neper,spanish
1154,Neron,spanish
1156,Adalia,spanish
1157,Aidia,spanish
1158,Alva,spanish
1159,Aureliano,spanish
1160,Belinda,spanish
1161,Bettina,spanish
1162,Carey,spanish
1163,Carlotta,spanish
1164,Coco,spanish
1165,Damita,spanish
1166,Delfina,spanish
1167,Duenna,spanish
1168,Dulcie,spanish
1169,Elvira,spanish
1170,Enriqua,spanish
1171,Esmerelda,spanish
1172,Esperanza,spanish
1173,Fe,spanish
1174,Fonda,spanish
1175,Frida,spanish
1176,Friera,spanish
1177,Gitana,spanish
1178,Gotzone,spanish
1179,Guadalupe,spanish
1180,Hermosa,spanish
1181,Ines,spanish
1182,Isabel,spanish
1183,Itzel,spanish
1184,Jade,spanish
1185,Jardena,spanish
1186,Julitta,spanish
1187,Kesare,spanish
1188,Kiki,spanish
1189,Lacienega,spanish
1190,Ladonna,spanish
1191,Landrada,spanish
1192,Lela,spanish
1193,Lenora,spanish
1194,Leya,spanish
1195,Liani,spanish
1196,Linda,spanish
1197,Lluvia,spanish
1198,Lola,spanish
1199,Lolita,spanish
1200,Luisa,spanish
1201,Lujuana,spanish
1202,Lupita,spanish
1203,Lux,spanish
1204,Luz,spanish
1205,Madeira,spanish
1206,Afton,celtic
1207,Ahearn,celtic
1208,Annan,celtic
1209,Fallon,celtic
1210,Finley,celtic
1211,Kearney,celtic
1212,Keary,celtic
1213,Kegan,celtic
1214,Keir,celtic
1215,Kendall,celtic
1216,Mannix,celtic
1217,Marmaduke,celtic
1218,Melvin,celtic
1219,Merlin,celtic
1220,Murray,celtic
1221,Perth,celtic
1222,Ronan,celtic
1223,Sean,celtic
1224,Tadc,celtic
1225,Tegan,celtic
1226,Tiernan,celtic
1227,Torin,celtic
1228,Tuathal,celtic
1229,Ultan,celtic
1230,Vaughan,celtic
1232,Fallon,celtic
1233,Flannery,celtic
1234,Kaie,celtic
1235,Kaitlyn,celtic
1236,Kassidy,celtic
1237,Kathleen,celtic
1238,Keena,celtic
1239,Keir,celtic
1240,Keira,celtic
1241,Keita,celtic
1242,Kendall,celtic
1243,Kenna,celtic
1244,Kera,celtic
1245,Kern,celtic
1246,Kiara,celtic
1247,Kirra,celtic
1248,Kylee,celtic
1249,Lachlan,celtic
1250,Lorna,celtic
1251,Maeve,celtic
1252,Malise,celtic
1253,Morgance,celtic
1254,Morgandy,celtic
1255,Nonnita,celtic
1256,Nuala,celtic
1257,Raelin,celtic
1258,Rhonda,celtic
1259,Saoirse,celtic
1260,Saraid,celtic
1261,Seanna,celtic
1262,Shela,celtic
1263,Shylah,celtic
1264,Tara,celtic
1265,Teranika,celtic
1266,Tieve,celtic
1267,Treasa,celtic
1268,Treva,celtic
1269,Ackley,old-english
1270,Acton,old-english
1271,Addison,old-english
1272,Adger,old-english
1273,Aiken,old-english
1274,Alcott,old-english
1275,Alder,old-english
1276,Aldrich,old-english
1277,Alfred,old-english
1278,Allard,old-english
1279,Allston,old-english
1280,Alton,old-english
1281,Alvertos,old-english
1282,Alvin,old-english
1283,Arledge,old-english
1284,Arley,old-english
1285,Arlo,old-english
1286,Armstrong,old-english
1287,Arundel,old-english
1288,Ashley,old-english
1289,Athelstan,old-english
1290,Averill,old-english
1291,Awarnach,old-english
1292,Ballard,old-english
1293,Bancroft,old-english
1294,Barclay,old-english
1295,Barnett,old-english
1296,Beacher,old-english
1297,Beardsley,old-english
1298,Bede,old-english
1299,Beldon,old-english
1300,Bentley,old-english
1301,Birch,old-english
1302,Blake,old-english
1303,Booker,old-english
1304,Booth,old-english
1305,Borden,old-english
1306,Bradley,old-english
1307,Brandon,old-english
1308,Brent,old-english
1309,Brewster,old-english
1310,Brigham,old-english
1311,Brinley,old-english
1312,Brock,old-english
1313,Bromley,old-english
1314,Brook,old-english
1315,Buckley,old-english
1316,Bud,old-english
1317,Burgess,old-english
1318,Burne,old-english
1320,Afton,old-english
1321,Agrona,old-english
1322,Aida,old-english
1323,Aislinn,old-english
1324,Alcott,old-english
1325,Alden,old-english
1326,Alvina,old-english
1327,Arantxa,old-english
1328,Ariana,old-english
1329,Arleigh,old-english
1330,Ashley,old-english
1331,Aspen,old-english
1332,Audrey,old-english
1333,Avon,old-english
1334,Bailey,old-english
1335,Beverly,old-english
1336,Blaine,old-english
1337,Blossom,old-english
1338,Blythe,old-english
1339,Brea,old-english
1340,Brenda,old-english
1341,Brook,old-english
1342,Buffy,old-english
1343,Cady,old-english
1344,Cameron,old-english
1345,Chelsea,old-english
1346,Corliss,old-english
1347,Courtney,old-english
1348,Demelza,old-english
1349,Eartha,old-english
1350,Edda,old-english
1351,Edith,old-english
1352,Ethel,old-english
1353,Farrah,old-english
1354,Fern,old-english
1355,Fiona,old-english
1356,Godiva,old-english
1357,Golda,old-english
1358,Halsey,old-english
1359,Harmony,old-english
1360,Hazel,old-english
1361,Hedwig,old-english
1362,Hertha,old-english
1363,Hollace,old-english
1364,Holly,old-english
1365,Hope,old-english
1366,Idina,old-english
1367,Isolda,old-english
1368,Ivy,old-english
1369,Jocelyn,old-english
1370,Daeshim,korean
1371,Jintao,korean
1372,Seung,korean
1373,Yong-Sun,korean
1374,Young-Ja,korean
1375,Young-Jae,korean
1377,Cho,korean
1378,Chon,korean
1379,HeeWon,korean
1380,Jeong,korean
1381,Joo Mi,korean
1382,Min,korean
1383,Moon,korean
1384,Shin,korean
1385,Soo,korean
1386,Sun,korean
1387,Arjun,sanskrit
1388,Jackal,sanskrit
1389,Jafar,sanskrit
1390,Krishna,sanskrit
1391,Kumar,sanskrit
1392,Mahatma,sanskrit
1393,Nanda,sanskrit
1394,Nataraj,sanskrit
1395,Rajiv,sanskrit
1396,Uttam,sanskrit
1397,Vasu,sanskrit
1398,Veda,sanskrit
1399,Yogi,sanskrit
1401,Chandra,sanskrit
1402,Kalinda,sanskrit
1403,Kalpana,sanskrit
1404,Kama,sanskrit
1405,Karma,sanskrit
1406,Kashmir,sanskrit
1407,Leelea,sanskrit
1408,Lilac,sanskrit
1409,Malika,sanskrit
1410,Manjusha,sanskrit
1411,Nalini,sanskrit
1412,Opal,sanskrit
1413,Shobha,sanskrit
1414,Sitara,sanskrit
1415,Taruna,sanskrit
1416,Deion,african-american
1417,Deiondre,african-american
1418,Dele,african-american
1419,Denzel,african-american
1420,Dewayne,african-american
1421,Dikembe,african-american
1422,Duante,african-american
1423,Jamar,african-american
1424,Jevonte,african-american
1425,Kadeem,african-american
1426,Kendis,african-american
1427,Kentay,african-american
1428,Keshawn,african-american
1429,Khalon,african-american
1430,Kofi,african-american
1431,Kwamin,african-american
1432,Kyan,african-american
1433,Kyrone,african-american
1434,La Vonn,african-american
1435,Lado,african-american
1436,Laken,african-american
1437,Lakista,african-american
1438,Lamech,african-american
1439,Lavaughn,african-american
1440,LeBron,african-american
1441,Lisimba,african-american
1442,Ludacris,african-american
1443,Mablevi,african-american
1444,Marques,african-american
1445,Mashawn,african-american
1446,Montraie,african-american
1447,Mykelti,african-american
1448,Nabulung,african-american
1449,Naeem,african-american
1450,Napoleon,african-american
1451,Obiajulu,african-american
1452,Quaashie,african-american
1453,Quaddus,african-american
1454,Quadrees,african-american
1455,Quannell,african-american
1456,Quarren,african-american
1457,Quashawn,african-american
1458,Quintavius,african-american
1459,Quoitrel,african-american
1460,Raimy,african-american
1461,Rashon,african-american
1462,Razi,african-american
1463,Roshaun,african-american
1464,Runako,african-american
1465,Salim,african-american
1467,Beyonce,african-american
1468,Cassietta,african-american
1469,Cleotha,african-american
1470,Deiondre,african-american
1471,Dericia,african-american
1472,Gaynelle,african-american
1473,Kacondra,african-american
1474,Kanesha,african-american
1475,Keilantra,african-american
1476,Kendis,african-american
1477,Keshon,african-american
1478,Lachelle,african-american
1479,Lakin,african-american
1480,Lanelle,african-american
1481,Laquanna,african-american
1482,Laqueta,african-american
1483,Laquinta,african-american
1484,Lashawn,african-american
1485,Latanya,african-american
1486,Latonya,african-american
1487,Latoya,african-american
1488,Mekell,african-american
1489,Moesha,african-american
1490,Muncel,african-american
1491,Najwa,african-american
1492,Nakeisha,african-american
1493,Nichelle,african-american
1494,Niesha,african-american
1495,Quanella,african-american
1496,Quanesha,african-american
1497,Quisha,african-american
1498,Ranielle,african-american
1499,Ronnell,african-american
1500,Shandra,african-american
1501,Shaquana,african-american
1502,Shateque,african-american
1503,Sidone,african-american
1504,Talaitha,african-american
1505,Talisa,african-american
1506,Talisha,african-american
1507,Tamika,african-american
1508,Tamira,african-american
1509,Tamyra,african-american
1510,Tanasha,african-american
1511,Tandice,african-american
1512,Tanginika,african-american
1513,Taniel,african-american
1514,Tanisha,african-american
1515,Tariana,african-american
1516,Temima,african-american
1517,Aaron,hebrew
1518,Abbas,hebrew
1519,Abdiel,hebrew
1520,Abel,hebrew
1521,Abijah,hebrew
1522,Abner,hebrew
1523,Abraham,hebrew
1524,Abrahsa,hebrew
1525,Absolom,hebrew
1526,Acacio,hebrew
1527,Adalai,hebrew
1528,Adam,hebrew
1529,Adar,hebrew
1530,Addai,hebrew
1531,Adin,hebrew
1532,Adley,hebrew
1533,Admon,hebrew
1534,Adon,hebrew
1535,Agrippa,hebrew
1536,Ahab,hebrew
1537,Ahmik,hebrew
1538,Aitan,hebrew
1539,Akim,hebrew
1540,Alphaeus,hebrew
1541,Alphus,hebrew
1542,Alva,hebrew
1543,Amal,hebrew
1544,Amiel,hebrew
1545,Amon,hebrew
1546,Amos,hebrew
1547,Amram,hebrew
1548,Anath,hebrew
1549,Annas,hebrew
1550,Arel,hebrew
1551,Arion,hebrew
1552,Aristotle,hebrew
1553,Arnon,hebrew
1554,Asa,hebrew
1555,Asher,hebrew
1556,Asphar,hebrew
1557,Azariah,hebrew
1558,Barbaras,hebrew
1559,Barnabas,hebrew
1560,Bartholomew,hebrew
1561,Baruch,hebrew
1562,Bates,hebrew
1563,Bela,hebrew
1564,Benaiah,hebrew
1565,Benjamin,hebrew
1566,Benson,hebrew
1568,Aaliyah,hebrew
1569,Aari,hebrew
1570,Aase,hebrew
1571,Abbellonna,hebrew
1572,Abie,hebrew
1573,Abigail,hebrew
1574,Abira,hebrew
1575,Abital,hebrew
1576,Abra,hebrew
1577,Achazia,hebrew
1578,Ada,hebrew
1579,Adamina,hebrew
1580,Adena,hebrew
1581,Affera,hebrew
1582,Afra,hebrew
1583,Ahava,hebrew
1584,Ahmose,hebrew
1585,Akiva,hebrew
1586,Aliza,hebrew
1587,Alumit,hebrew
1588,Amissa,hebrew
1589,Anita,hebrew
1590,Ann,hebrew
1591,Apphia,hebrew
1592,Araminta,hebrew
1593,Arashel,hebrew
1594,Arella,hebrew
1595,Ariel,hebrew
1596,Arnon,hebrew
1597,Ascah,hebrew
1598,Asenath,hebrew
1599,Asenka,hebrew
1600,Asisa,hebrew
1601,Atara,hebrew
1602,Aviva,hebrew
1603,Ayala,hebrew
1604,Ayla,hebrew
1605,Ayn,hebrew
1606,Bara,hebrew
1607,Basha,hebrew
1608,Bathsheba,hebrew
1609,Becky,hebrew
1610,Bena,hebrew
1611,Beryl,hebrew
1612,Bess,hebrew
1613,Bethany,hebrew
1614,Bettina,hebrew
1615,Beulah,hebrew
1616,Bina,hebrew
1617,Bo,hebrew
1618,Balder,norse
1619,Dana,norse
1620,Freyr,norse
1621,Gareth,norse
1622,Haldor,norse
1623,Hardicanute,norse
1624,Hogarth,norse
1625,Holm,norse
1626,Hsin,norse
1627,Hume,norse
1628,Kelby,norse
1629,Ker,norse
1630,Lamont,norse
1631,Magne,norse
1632,Oda,norse
1633,Oddvar,norse
1634,Odin,norse
1635,Ove,norse
1636,Quimby,norse
1637,Ragnar,norse
1638,Sutherland,norse
1639,Terje,norse
1640,Thurston,norse
1641,Ulfred,norse
1642,Unni,norse
1643,Volund,norse
1644,Yongvar,norse
1646,Bo,norse
1647,Frigg,norse
1648,Grid,norse
1649,Gro,norse
1650,Guro,norse
1651,Haley,norse
1652,Heidrun,norse
1653,Hela,norse
1654,Magna,norse
1655,Oda,norse
1656,Ove,norse
1657,Ragnhild,norse
1658,Unni,norse
1659,An,chinese
1660,Bing,chinese
1661,Chen,chinese
1662,Chung,chinese
1663,Confucius,chinese
1664,Cong,chinese
1665,Deshi,chinese
1666,Dewei,chinese
1667,Fo-hai,chinese
1668,Fo-hsing,chinese
1669,Gan,chinese
1670,Gao,chinese
1671,Genjo,chinese
1672,Ho,chinese
1673,Hsin,chinese
1674,Huang fu,chinese
1675,Hui-chao,chinese
1676,HuiK'o,chinese
1677,Jiang,chinese
1678,Jin,chinese
1679,Jing,chinese
1680,Jun,chinese
1681,Kong,chinese
1682,Lao-Tzu,chinese
1683,Lee,chinese
1684,Lei,chinese
1685,Li,chinese
1686,Li-Liang,chinese
1687,Liang,chinese
1688,Liko,chinese
1689,Manchu,chinese
1690,Ming,chinese
1691,Niao-ka,chinese
1692,On,chinese
1693,Qing-Nan,chinese
1694,Quon,chinese
1695,Shen,chinese
1696,Shing,chinese
1697,Sun,chinese
1698,Tung,chinese
1699,Uang,chinese
1700,Wang,chinese
1701,Wen,chinese
1702,Woo,chinese
1703,Wu-pen,chinese
1704,Xi-Wang,chinese
1705,Xiaoping,chinese
1706,Xin,chinese
1707,Xing-fu,chinese
1708,Yao,chinese
1710,Ah lam,chinese
1711,An,chinese
1712,Bao,chinese
1713,Chen,chinese
1714,Chen-chio,chinese
1715,Chen-tao,chinese
1716,Chow,chinese
1717,Chu hua,chinese
1718,Chun,chinese
1719,Chyou,chinese
1720,Da-Shin,chinese
1721,Da-xia,chinese
1722,Fai,chinese
1723,Fang,chinese
1724,Fang hua,chinese
1725,Genji,chinese
1726,Guanyin,chinese
1727,Hua,chinese
1728,Hui fang,chinese
1729,Jing Wei,chinese
1730,Jun,chinese
1731,Kimora,chinese
1732,Le,chinese
1733,Lee,chinese
1734,Lei,chinese
1735,Li,chinese
1736,Li Hua,chinese
1737,Li Mei,chinese
1738,Li Ming,chinese
1739,Lian,chinese
1740,Lien,chinese
1741,Lin,chinese
1742,Ling,chinese
1743,Lixue,chinese
1744,Mee,chinese
1745,Mei,chinese
1746,Mingmei,chinese
1747,Quan,chinese
1748,Shu Fang,chinese
1749,Ting,chinese
1750,Ushi,chinese
1751,Xiang,chinese
1752,Xiao-Niao,chinese
1753,Xiao-Xing,chinese
1754,Xin,chinese
1755,Xiu Mei,chinese
1756,Yin,chinese
1757,Yu,chinese
1758,Zan,chinese
1759,Zhengqiu,chinese
1760,Juhani,finnish
1761,Jussi,finnish
1762,Kevat,finnish
1763,Miko,finnish
1764,Mustanen,finnish
1765,Vaino,finnish
1767,Kaija,finnish
1768,Kalle,finnish
1769,Louhi,finnish
1770,Preita,finnish
1771,Senja,finnish
1772,Tarja,finnish
1773,Terhi,finnish
1774,Abtin,persian
1775,Ardalan,persian
1776,Atash,persian
1777,Azar,persian
1778,Bahram,persian
1779,Behdad,persian
1780,Behruz,persian
1781,Bijan,persian
1782,Borna,persian
1783,Caspar,persian
1784,Cyrus,persian
1785,Dareh,persian
1786,Darius,persian
1787,Davood,persian
1788,Eskander,persian
1789,Fazel,persian
1790,Firouz,persian
1791,Gaspar,persian
1792,Kaspar,persian
1793,Kaveh,persian
1794,Khorshed,persian
1795,Khortdad,persian
1796,Murdad,persian
1797,Nard,persian
1798,Persepolis,persian
1799,Rashne,persian
1800,Ruhollah,persian
1801,Sarosh,persian
1802,Siamak,persian
1803,Xerxes,persian
1805,Abtin,persian
1806,Ardeshir,persian
1807,Azarin,persian
1808,Azura,persian
1809,Cyra,persian
1810,Darice,persian
1811,Esther,persian
1812,Fila,persian
1813,Gelsey,persian
1814,Jaleh,persian
1815,Jasmine,persian
1816,Kasra,persian
1817,Kira,persian
1818,Mahdis,persian
1819,Mahsa,persian
1820,Mandana,persian
1821,Midge,persian
1822,Mina,persian
1823,Nickan,persian
1824,Roxanne,persian
1825,Sanam,persian
1826,Vashti,persian
1827,Yasmine,persian
1828,Zeeba,persian
1829,Zohreh,persian
1830,Abhorson,scottish
1831,Adger,scottish
1832,Akira,scottish
1833,Alastair,scottish
1834,Athol,scottish
1835,Caithness,scottish
1836,Calen,scottish
1837,Camden,scottish
1838,Donalbain,scottish
1839,Drummond,scottish
1840,Duffy,scottish
1841,Edme,scottish
1842,Hamish,scottish
1843,Ian,scottish
1844,Kai,scottish
1845,Kameron,scottish
1846,Kane,scottish
1847,Keith,scottish
1848,Kelvin,scottish
1849,Kendrick,scottish
1850,Kenneth,scottish
1851,Kesley,scottish
1852,Kester,scottish
1853,Killian,scottish
1854,Kincaid,scottish
1855,Kyle,scottish
1856,Lachlan,scottish
1857,Laird,scottish
1858,Leith,scottish
1859,Lennox,scottish
1860,Leslie,scottish
1861,Logan,scottish
1862,Lundy,scottish
1863,Macbeth,scottish
1864,Macduff,scottish
1865,Mackinley,scottish
1866,Maclean,scottish
1867,Malcom,scottish
1868,Maxwell,scottish
1869,Mcaffie,scottish
1870,Mccauley,scottish
1871,McKinley,scottish
1872,Morrison,scottish
1873,Murdock,scottish
1874,Nairne,scottish
1875,Nolan,scottish
1876,Norval,scottish
1877,Ogilvy,scottish
1878,Oran,scottish
1879,Paden,scottish
1881,Ailsa,scottish
1882,Ainsley,scottish
1883,Artis,scottish
1884,Bonnie,scottish
1885,Campbell,scottish
1886,Davine,scottish
1887,Dree,scottish
1888,Enya,scottish
1889,Genene,scottish
1890,Ilisa,scottish
1891,Jeanne,scottish
1892,Kelcie,scottish
1893,Kelsi,scottish
1894,Lesley,scottish
1895,Leslie,scottish
1896,Logan,scottish
1897,Mairead,scottish
1898,Malvina,scottish
1899,Nairne,scottish
1900,Rae,scottish
1901,Sile,scottish
1902,Siusan,scottish
1903,Tira,scottish
1904,Vanora,scottish
1905,Casimir,slavic
1906,Duscha,slavic
1907,Evzen,slavic
1908,Gavril,slavic
1909,Ilie,slavic
1910,Jan,slavic
1911,Kostya,slavic
1912,Ludovic,slavic
1913,Marót,slavic
1914,Melik,slavic
1915,Mete,slavic
1916,Miroslav,slavic
1917,Mladen,slavic
1918,Oleg,slavic
1919,Ondrea,slavic
1920,Pavel,slavic
1921,Pavlos,slavic
1922,Pavo,slavic
1923,Peja,slavic
1924,Polixenes,slavic
1925,Polk,slavic
1926,Radman,slavic
1927,Reza,slavic
1928,Vaclav,slavic
1929,Vas,slavic
1930,Vencel,slavic
1931,Vlade,slavic
1932,Vladimir,slavic
1933,Volya,slavic
1934,Wenceslaus,slavic
1935,Wieslav,slavic
1936,Ziven,slavic
1937,Zorro,slavic
1938,Zorya,slavic
1939,Zydrunas,slavic
1941,Anezka,slavic
1942,Casmir,slavic
1943,Darva,slavic
1944,Kami,slavic
1945,Kamila,slavic
1946,Kamilia,slavic
1947,Karayan,slavic
1948,Katerina,slavic
1949,Katia,slavic
1950,Kisha,slavic
1951,Klavdia,slavic
1952,Kostya,slavic
1953,Lada,slavic
1954,Laima,slavic
1955,Lala,slavic
1956,Larya,slavic
1957,Lenka,slavic
1958,Lilia,slavic
1959,Lizina,slavic
1960,Lonna,slavic
1961,Malika,slavic
1962,Milena,slavic
1963,Nadine,slavic
1964,Natala,slavic
1965,Neda,slavic
1966,Neveah,slavic
1967,Nijole,slavic
1968,Ondrea,slavic
1969,Radinka,slavic
1970,Saskia,slavic
1971,Sveta,slavic
1972,Szitakota,slavic
1973,Tana,slavic
1974,Tania,slavic
1975,Tasya,slavic
1976,Teca,slavic
1977,Velika,slavic
1978,Vera,slavic
1979,Viera,slavic
1980,Yarmilla,slavic
1981,Zabel,slavic
1982,Zeljka,slavic
1983,Zora,slavic
1984,Zuzana,slavic
1985,Adney,english
1986,Aldo,english
1987,Aleyn,english
1988,Alford,english
1989,Amherst,english
1990,Angel,english
1991,Anson,english
1992,Archibald,english
1993,Aries,english
1994,Arwen,english
1995,Astin,english
1996,Atley,english
1997,Atwell,english
1998,Audie,english
1999,Avery,english
2000,Ayers,english
2001,Baker,english
2002,Balder,english
2003,Ballentine,english
2004,Bardalph,english
2005,Barker,english
2006,Barric,english
2007,Bayard,english
2008,Bishop,english
2009,Blaan,english
2010,Blackburn,english
2011,Blade,english
2012,Blaine,english
2013,Blaze,english
2014,Bramwell,english
2015,Brant,english
2016,Brawley,english
2017,Breri,english
2018,Briar,english
2019,Brighton,english
2020,Broderick,english
2021,Bronson,english
2022,Bryce,english
2023,Burdette,english
2024,Burle,english
2025,Byrd,english
2026,Byron,english
2027,Cabal,english
2028,Cage,english
2029,Cahir,english
2030,Cavalon,english
2031,Cedar,english
2032,Chatillon,english
2033,Churchill,english
2034,Clachas,english
2036,Addison,english
2037,Alivia,english
2038,Allaya,english
2039,Amarie,english
2040,Amaris,english
2041,Annabeth,english
2042,Annalynn,english
2043,Araminta,english
2044,Ardys,english
2045,Ashland,english
2046,Avery,english
2047,Bedegrayne,english
2048,Bernadette,english
2049,Billie,english
2050,Birdee,english
2051,Bliss,english
2052,Brice,english
2053,Brittany,english
2054,Bryony,english
2055,Cameo,english
2056,Carol,english
2057,Chalee,english
2058,Christy,english
2059,Corky,english
2060,Cotovatre,english
2061,Courage,english
2062,Daelen,english
2063,Dana,english
2064,Darnell,english
2065,Dawn,english
2066,Delsie,english
2067,Denita,english
2068,Devon,english
2069,Devona,english
2070,Diamond,english
2071,Divinity,english
2072,Duff,english
2073,Dustin,english
2074,Dusty,english
2075,Ellen,english
2076,Eppie,english
2077,Evelyn,english
2078,Everilda,english
2079,Falynn,english
2080,Fanny,english
2081,Faren,english
2082,Freedom,english
2083,Gala,english
2084,Galen,english
2085,Gardenia,english
2086,Alvis,old-norse
2087,Borg,old-norse
2088,Gunnar,old-norse
2089,Harper,old-norse
2090,Kirk,old-norse
2091,Leif,old-norse
2092,Njord,old-norse
2093,Olaf,old-norse
2094,Oliver,old-norse
2095,Oscar,old-norse
2096,Ronald,old-norse
2097,Roscoe,old-norse
2098,Sigurd,old-norse
2099,Sindri,old-norse
2100,Skipp,old-norse
2101,Thor,old-norse
2102,Turpin,old-norse
2104,Astrid,old-norse
2105,Deila,old-norse
2106,Gail,old-norse
2107,Harper,old-norse
2108,Kippi,old-norse
2109,Nessa,old-norse
2110,Olive,old-norse
2111,Ronalda,old-norse
2112,Sigrid,old-norse
2113,Thora,old-norse
2114,Valda,old-norse
2115,Hodding,dutch
2116,Kyler,dutch
2117,Maarten,dutch
2118,Rembrandt,dutch
2119,Rodolf,dutch
2120,Roosevelt,dutch
2121,Schuyler,dutch
2122,Sklaer,dutch
2123,Van,dutch
2124,Vandyke,dutch
2125,Wagner,dutch
2126,Zeeman,dutch
2128,Brandie,dutch
2129,Haven,dutch
2130,Hester,dutch
2131,Kaatje,dutch
2132,Kalie,dutch
2133,Liannaka,dutch
2134,Lieneke,dutch
2135,Lonikie,dutch
2136,Nelleke,dutch
2137,Schuyler,dutch
2138,Tryne,dutch
2139,Van,dutch
2140,Nishan,armenian
2141,Ohanna,armenian
2142,Vahe,armenian
2143,Vartan,armenian
2144,Yervant,armenian
2146,Erato,armenian
2147,Karyan,armenian
2148,Keran,armenian
2149,Lucine,armenian
2150,Ohanna,armenian
2151,Seda,armenian
2152,Siran,armenian
2153,Siroun,armenian
2154,Sirvat,armenian
2155,Taleen,armenian
2156,Taline,armenian
2157,Ziazan,armenian
2158,Arthur,welsh
2159,Avon,welsh
2160,Baden,welsh
2161,Barry,welsh
2162,Bowen,welsh
2163,Bronwen,welsh
2164,Cade,welsh
2165,Cedric,welsh
2166,Clyde,welsh
2167,Conway,welsh
2168,Denzel,welsh
2169,Deverell,welsh
2170,Dewey,welsh
2171,Drew,welsh
2172,Dylan,welsh
2173,Emrick,welsh
2174,Floyd,welsh
2175,Fluellen,welsh
2176,Gavin,welsh
2177,Gawain,welsh
2178,Griffin,welsh
2179,Griffith,welsh
2180,Idris,welsh
2181,Kai,welsh
2182,Karey,welsh
2183,Kay,welsh
2184,Keith,welsh
2185,Kenn,welsh
2186,Kenrich,welsh
2187,Mabon,welsh
2188,Main,welsh
2189,Olwen,welsh
2190,Parry,welsh
2191,Pembroke,welsh
2192,Reese,welsh
2193,Rondell,welsh
2194,Sayer,welsh
2195,Sonnagh,welsh
2196,Tathal,welsh
2197,Tathan,welsh
2198,Teulyddog,welsh
2199,Tewdwr,welsh
2200,Trahaearn,welsh
2201,Tudfwlch,welsh
2202,Tudur,welsh
2203,Wren,welsh
2204,Ysgarran,welsh
2206,Bryn,welsh
2207,Carey,welsh
2208,Caron,welsh
2209,Carys,welsh
2210,Ceridwen,welsh
2211,Crisiant,welsh
2212,Dylan,welsh
2213,Dyllis,welsh
2214,Emlyn,welsh
2215,Enid,welsh
2216,Genevieve,welsh
2217,Gladys,welsh
2218,Idelle,welsh
2219,Jensine,welsh
2220,Karrington,welsh
2221,Kordell,welsh
2222,Kynan,welsh
2223,Llewellyn,welsh
2224,Lowri,welsh
2225,Lyneth,welsh
2226,Mabyn,welsh
2227,Mairwen,welsh
2228,Merlyn,welsh
2229,Morgan,welsh
2230,Myfanwy,welsh
2231,Nerys,welsh
2232,Olwen,welsh
2233,Owena,welsh
2234,Reese,welsh
2235,Rhiamon,welsh
2236,Rhiannon,welsh
2237,Rhonwen,welsh
2238,Riannon,welsh
2239,Rowena,welsh
2240,Saeran,welsh
2241,Sian,welsh
2242,Sulwyn,welsh
2243,Taffy,welsh
2244,Teleri,welsh
2245,Telyn,welsh
2246,Tydfill,welsh
2247,Verran,welsh
2248,Vevay,welsh
2249,Wynn,welsh
2250,Cerek,polish
2251,Dobry,polish
2252,Gerik,polish
2253,Jacek,polish
2254,Jarek,polish
2255,Lech,polish
2256,Ludoslaw,polish
2257,Magnar,polish
2258,Mandek,polish
2259,Marcin,polish
2260,Marek,polish
2261,Nelek,polish
2262,Olesia,polish
2263,Ryzard,polish
2264,Tanek,polish
2265,Urjasz,polish
2266,Waclaw,polish
2267,Walenty,polish
2268,Wlod,polish
2269,Wojtek,polish
2270,Zarek,polish
2271,Zygmunt,polish
2273,Danuta,polish
2274,Ewa,polish
2275,Filipina,polish
2276,Jadwiga,polish
2277,Kalene,polish
2278,Karolina,polish
2279,Kasia,polish
2280,Kassia,polish
2281,Klementyna,polish
2282,Ksena,polish
2283,Lilka,polish
2284,Macy,polish
2285,Olesia,polish
2286,Rasine,polish
2287,Tajsa,polish
2288,Tekli,polish
2289,Tesia,polish
2290,Tola,polish
2291,Tolia,polish
2292,Truda,polish
2293,Valeska,polish
2294,Walentya,polish
2295,Wislawa,polish
2296,Zima,polish
2297,Zofia,polish
2298,Zotia,polish
2299,Kem,teutonic
2300,Orinda,teutonic
2301,Paxton,teutonic
2302,Raeburn,teutonic
2303,Renard,teutonic
2304,Roald,teutonic
2305,Sigfried,teutonic
2306,Sigmund,teutonic
2307,Stewart,teutonic
2308,Theodoric,teutonic
2309,Thierry,teutonic
2310,Thurborn,teutonic
2311,Udo,teutonic
2312,Uland,teutonic
2313,Ulf,teutonic
2314,Walden,teutonic
2315,Waldo,teutonic
2316,Wendell,teutonic
2317,Werner,teutonic
2318,Wilbur,teutonic
2319,Willard,teutonic
2320,William,teutonic
2321,Wolfgang,teutonic
2322,Wolfram,teutonic
2323,Yves,teutonic
2325,Magan,teutonic
2326,Minka,teutonic
2327,Orinda,teutonic
2328,Verena,teutonic
2329,Waltraud,teutonic
2330,Willa,teutonic
2331,Yvette,teutonic
2332,Boris,russian
2333,Dobry,russian
2334,Dusan,russian
2335,Egor,russian
2336,Feodore,russian
2337,Fyodor,russian
2338,Gavrie,russian
2339,Gleb,russian
2340,Ivan,russian
2341,Konstantin,russian
2342,Kostas,russian
2343,Kostya,russian
2344,Lesta,russian
2345,Magar,russian
2346,Maksim,russian
2347,Mikhail,russian
2348,Miloslav,russian
2349,Nikhil,russian
2350,Oksana,russian
2351,Olga,russian
2352,Sacha,russian
2353,Sarkis,russian
2354,Semyon,russian
2355,Sergei,russian
2356,Timur,russian
2357,Ulan,russian
2358,Ustin,russian
2359,Vadim,russian
2360,Valeri,russian
2361,Valerian,russian
2362,Vanya,russian
2363,Venedict,russian
2364,Vladilen,russian
2365,Vlas,russian
2366,Wassily,russian
2367,Xenik,russian
2368,Yerik,russian
2369,Yevgeni,russian
2370,Yurchik,russian
2371,Yuri,russian
2373,Akelah,russian
2374,Alexandrite,russian
2375,Anya,russian
2376,Bohdana,russian
2377,Cyzarine,russian
2378,Dusana,russian
2379,Feodora,russian
2380,Jelena,russian
2381,Kisa,russian
2382,Kiska,russian
2383,Leena,russian
2384,Lenya,russian
2385,Lida,russian
2386,Luba,russian
2387,Marinka,russian
2388,Mika,russian
2389,Mila,russian
2390,Misha,russian
2391,Nadie,russian
2392,Nickita,russian
2393,Nika,russian
2394,Oksana,russian
2395,Olga,russian
2396,Olien,russian
2397,Raissa,russian
2398,Sashenka,russian
2399,Savina,russian
2400,Sezja,russian
2401,Sonia,russian
2402,Svetlana,russian
2403,Taneya,russian
2404,Tanya,russian
2405,Tatiana,russian
2406,Vanka,russian
2407,Vanya,russian
2408,Verushka,russian
2409,Vilhemina,russian
2410,Yelena,russian
2411,Yeva,russian
2412,Yula,russian
2413,Zagir,russian
2414,Zasha,russian
2415,Zdebka,russian
2416,Zhenya,russian
2417,Zilya,russian
2418,Imhotep,egyptian
2419,Paki,egyptian
2420,Rahotep,egyptian
2421,Zahur,egyptian
2423,Chione,egyptian
2424,Femi,egyptian
2425,Hekenu,egyptian
2426,Hekt,egyptian
2427,Icess,egyptian
2428,Kanika,egyptian
2429,Khety,egyptian
2430,Lapis,egyptian
2431,Mariasha,egyptian
2432,Nakia,egyptian
2433,Nashwa,egyptian
2434,Nebta,egyptian
2435,Neferu,egyptian
2436,Neith,egyptian
2437,Nile,egyptian
2438,Nubia,egyptian
2439,Ramla,egyptian
2440,Rennefer,egyptian
2441,Sabola,egyptian
2442,Sagira,egyptian
2443,Sahirah,egyptian
2444,Salama,egyptian
2445,Sanura,egyptian
2446,Suma,egyptian
2447,Tauret,egyptian
2448,Tetisheri,egyptian
2449,Aaron,arabic
2450,Abbott,arabic
2451,Abdulaziz,arabic
2452,Abuna,arabic
2453,Adalai,arabic
2454,Adham,arabic
2455,Ahmad,arabic
2456,Akbar,arabic
2457,Al-Ashab,arabic
2458,Ali,arabic
2459,Altair,arabic
2460,Amal,arabic
2461,Amaros,arabic
2462,Amir,arabic
2463,Ankhhaf,arabic
2464,Ara,arabic
2465,Arash,arabic
2466,Arslan,arabic
2467,Asad,arabic
2468,Azad,arabic
2469,Azeem,arabic
2470,Badr,arabic
2471,Basil,arabic
2472,Basim,arabic
2473,Borak,arabic
2474,Boutros,arabic
2475,Coman,arabic
2476,Fahd,arabic
2477,Faisal,arabic
2478,Fakih,arabic
2479,Faraz,arabic
2480,Fatin,arabic
2481,Ferran,arabic
2482,Gamal,arabic
2483,Ghadir,arabic
2484,Ghazi,arabic
2485,Guadalupe,arabic
2486,Habib,arabic
2487,Haddad,arabic
2488,Hadi,arabic
2489,Hafez,arabic
2490,Haidar,arabic
2491,Hakeem,arabic
2492,Hamal,arabic
2493,Hamid,arabic
2494,Hamza,arabic
2495,Harsh,arabic
2496,Harun,arabic
2497,Hasan,arabic
2498,Hormoz,arabic
2500,Abia,arabic
2501,Afra,arabic
2502,Ah lam,arabic
2503,Aisha,arabic
2504,Akilah,arabic
2505,Alima,arabic
2506,Aliye,arabic
2507,Alyssa,arabic
2508,Amber,arabic
2509,Amina,arabic
2510,Anan,arabic
2511,Anara,arabic
2512,Aneesa,arabic
2513,Anisa,arabic
2514,Ara,arabic
2515,Ayasha,arabic
2516,Azalea,arabic
2517,Bashira,arabic
2518,Basimah,arabic
2519,Bibi,arabic
2520,Cala,arabic
2521,Chaka,arabic
2522,Debbani,arabic
2523,Duaa,arabic
2524,Emani,arabic
2525,Fatima,arabic
2526,Ghada,arabic
2527,Habiba,arabic
2528,Halima,arabic
2529,Haya,arabic
2530,Hayfa,arabic
2531,Jamila,arabic
2532,Janan,arabic
2533,Jarita,arabic
2534,Kadejah,arabic
2535,Kadin,arabic
2536,Kahlilia,arabic
2537,Kalea,arabic
2538,Kaleigh,arabic
2539,Kalila,arabic
2540,Kaliyah,arabic
2541,Kalyn,arabic
2542,Kamila,arabic
2543,Kamilah,arabic
2544,Karida,arabic
2545,Karima,arabic
2546,Kayley,arabic
2547,Kedma,arabic
2548,Khadijah,arabic
2549,Khalidah,arabic
2550,Jabari,swahili
2551,Jelani,swahili
2552,Khairi,swahili
2553,Rashid,swahili
2555,Adia,swahili
2556,Barika,swahili
2557,Epua,swahili
2558,Kamaria,swahili
2559,Kesi,swahili
2560,Lakeisha,swahili
2561,Leta,swahili
2562,Nia,swahili
2563,Shani,swahili
2564,Simba,swahili
2565,Taariq,swahili
2566,Winda,swahili
2567,Achachak,native-american
2568,Adahy,native-american
2569,Ahanu,native-american
2570,Akecheta,native-american
2571,Alo,native-american
2572,Apenimon,native-american
2573,Ashkii,native-american
2574,Atohi,native-american
2575,Bemossed,native-american
2576,Bidziil,native-american
2577,Chatam,native-american
2578,Chesmu,native-american
2579,Cheveyo,native-american
2580,Cheyenne,native-american
2581,Chogan,native-american
2582,Ciqala,native-american
2583,Cochise,native-american
2584,Colville,native-american
2585,Dakota,native-american
2586,Dichali,native-american
2587,Dyami,native-american
2588,Elan,native-american
2589,Elsu,native-american
2590,Enapay,native-american
2591,Etchemin,native-american
2592,Etu,native-american
2593,Gad,native-american
2594,Gawonii,native-american
2595,Gosheven,native-american
2596,Hania,native-american
2597,Helaku,native-american
2598,Hiamovi,native-american
2599,Hinto,native-american
2600,Holata,native-american
2601,Honovi,native-american
2602,Huritt,native-american
2603,Illanipi,native-american
2604,Jacy,native-american
2605,Kaga,native-american
2606,Kai,native-american
2607,Kele,native-american
2608,Kiyiyah,native-american
2609,Knoton,native-american
2610,Kohana,native-american
2611,Koi,native-american
2612,Lakota,native-american
2613,Lallo,native-american
2614,Lansa,native-american
2615,Len,native-american
2616,Lenno,native-american
2618,Abeque,native-american
2619,Abey,native-american
2620,Abeytu,native-american
2621,Adoette,native-american
2622,Adsila,native-american
2623,Aiyana,native-american
2624,Alameda,native-american
2625,Alaqua,native-american
2626,Alawa,native-american
2627,Aleshanee,native-american
2628,Algoma,native-american
2629,Alsoomse,native-american
2630,Amadahy,native-american
2631,Amitola,native-american
2632,Anaba,native-american
2633,Angeni,native-american
2634,Aponi,native-american
2635,Aquene,native-american
2636,Awendela,native-american
2637,Ayasha,native-american
2638,Ayita,native-american
2639,Bly,native-american
2640,Chapa,native-american
2641,Chenoa,native-american
2642,Cheyenne,native-american
2643,Chimalis,native-american
2644,Dakota,native-american
2645,Doli,native-american
2646,Donoma,native-american
2647,Dyani,native-american
2648,Elu,native-american
2649,Enola,native-american
2650,Etenia,native-american
2651,Eyota,native-american
2652,Fala,native-american
2653,Galilahi,native-american
2654,Genesee,native-american
2655,Hachi,native-american
2656,Haiwee,native-american
2657,Halona,native-american
2658,Honovi,native-american
2659,Hurit,native-american
2660,Huyana,native-american
2661,Istas,native-american
2662,Ituha,native-american
2663,Kachine,native-american
2664,Kai,native-american
2665,Kaniya,native-american
2666,Kanti,native-american
2667,Karmiti,native-american
2668,Anicetus,old-french
2669,Bassett,old-french
2670,Bayard,old-french
2671,Bellamy,old-french
2672,Boden,old-french
2673,Borden,old-french
2674,Boswell,old-french
2675,Brigham,old-french
2676,Cable,old-french
2677,Chancellor,old-french
2678,Channing,old-french
2679,Chase,old-french
2680,Chivalry,old-french
2681,Corbin,old-french
2682,Curtis,old-french
2683,Darrell,old-french
2684,Flannery,old-french
2685,Fletcher,old-french
2686,Forrest,old-french
2687,Foster,old-french
2688,Francis,old-french
2689,Franklin,old-french
2690,Jay,old-french
2691,Jeffrey,old-french
2692,Justin,old-french
2693,Leroy,old-french
2694,Lyle,old-french
2695,Macy,old-french
2696,Marlon,old-french
2697,Maslin,old-french
2698,Oriel,old-french
2699,Percival,old-french
2700,Prewitt,old-french
2701,Quennel,old-french
2702,Roy,old-french
2703,Telo,old-french
2705,Chance,old-french
2706,Chantal,old-french
2707,Delight,old-french
2708,Fay,old-french
2709,Frances,old-french
2710,Jewel,old-french
2711,Musetta,old-french
2712,Olive,old-french
2713,Raissa,old-french
2714,Sojourner,old-french
2715,Aleron,french
2716,Algernon,french
2717,Ames,french
2718,Amiens,french
2719,Aramis,french
2720,Audric,french
2721,Beau,french
2722,Blaise,french
2723,Bonar,french
2724,Boniface,french
2725,Boyce,french
2726,Briar,french
2727,Bruce,french
2728,Byron,french
2729,Cabal,french
2730,Cade,french
2731,Campbell,french
2732,Canaan,french
2733,Canon,french
2734,Carolus,french
2735,Carvell,french
2736,Chainey,french
2737,Chevy,french
2738,Ciel,french
2739,Circinus,french
2740,Colar,french
2741,Colville,french
2742,Courvoisier,french
2743,Coyne,french
2744,Dabney,french
2745,Dashiell,french
2746,Dax,french
2747,Delano,french
2748,Demont,french
2749,Destin,french
2750,Didier,french
2751,Dior,french
2752,Donatien,french
2753,Etienne,french
2754,Fabron,french
2755,Ferrand,french
2756,Franchot,french
2757,Francois,french
2758,Frasier,french
2759,Gage,french
2760,Garen,french
2761,Gareth,french
2762,Garland,french
2763,Garner,french
2764,Garrison,french
2766,Abril,french
2767,Alair,french
2768,Alberta,french
2769,Alize,french
2770,Amour,french
2771,Avril,french
2772,Babette,french
2773,Bailey,french
2774,Bedelia,french
2775,Bernadette,french
2776,Caroline,french
2777,Caron,french
2778,Cerise,french
2779,Chablis,french
2780,Chanel,french
2781,Charlotte,french
2782,Cheriss,french
2783,Cheryl,french
2784,Claudette,french
2785,Colette,french
2786,Courtesy,french
2787,Cydney,french
2788,Darcie,french
2789,Darlene,french
2790,Deja,french
2791,Denise,french
2792,Desiree,french
2793,Destiny,french
2794,Didina,french
2795,Dior,french
2796,Djab,french
2797,Dominique,french
2798,Doreen,french
2799,Elaine,french
2800,Elise,french
2801,Elita,french
2802,Elle,french
2803,Eloise,french
2804,Emeraude,french
2805,Etoile,french
2806,Evonne,french
2807,Fifine,french
2808,Fleur,french
2809,Fontanna,french
2810,Fortune,french
2811,Garland,french
2812,Gay,french
2813,Geneva,french
2814,Gervaise,french
2815,Ghislaine,french
2816,Alden,middle-english
2817,Alder,middle-english
2818,Crockett,middle-english
2819,Kemp,middle-english
2820,Kipling,middle-english
2821,Ladd,middle-english
2822,Lander,middle-english
2823,Lane,middle-english
2824,Latimer,middle-english
2825,Lyman,middle-english
2826,Macon,middle-english
2827,Mendel,middle-english
2828,Mercer,middle-english
2829,Mull,middle-english
2830,Nye,middle-english
2831,Perry,middle-english
2832,Prentice,middle-english
2833,Reeve,middle-english
2834,Sanders,middle-english
2835,Sawyer,middle-english
2836,Skeet,middle-english
2837,Sterne,middle-english
2838,Swain,middle-english
2839,Taylor,middle-english
2840,Tennyson,middle-english
2841,Todd,middle-english
2842,Trey,middle-english
2843,Tucker,middle-english
2844,Turner,middle-english
2845,Twain,middle-english
2846,Tyler,middle-english
2847,Vance,middle-english
2848,Vane,middle-english
2849,Wade,middle-english
2850,Walker,middle-english
2851,Yates,middle-english
2853,Amiable,middle-english
2854,Cavanaugh,middle-english
2855,Citrine,middle-english
2856,Doe,middle-english
2857,Knowledge,middle-english
2858,Lane,middle-english
2859,Mercy,middle-english
2860,Merry,middle-english
2861,Scarlet,middle-english
2862,Ace,latin
2863,Adeodatus,latin
2864,Adrian,latin
2865,Aemilius,latin
2866,Africa,latin
2867,Alban,latin
2868,Aleron,latin
2869,Amadeus,latin
2870,Amando,latin
2871,Amator,latin
2872,Ames,latin
2873,Amory,latin
2874,Anthony,latin
2875,Aquarius,latin
2876,Aquila,latin
2877,Arcadicus,latin
2878,Archangelo,latin
2879,Arden,latin
2880,Aruiragus,latin
2881,Atticus,latin
2882,Auburn,latin
2883,August,latin
2884,Aurelius,latin
2885,Auriga,latin
2886,Austin,latin
2887,Avis,latin
2888,Barber,latin
2889,Benedict,latin
2890,Bennett,latin
2891,Benvolio,latin
2892,Blaze,latin
2893,Boone,latin
2894,Branch,latin
2895,Caelum,latin
2896,Caesar,latin
2897,Caius,latin
2898,Callistus,latin
2899,Calvin,latin
2900,Camillo,latin
2901,Candidius,latin
2902,Capricornus,latin
2903,Capucius,latin
2904,Carew,latin
2905,Carnelian,latin
2906,Cassius,latin
2907,Cato,latin
2908,Celesto,latin
2909,Cepheus,latin
2910,Cetus,latin
2911,Chester,latin
2913,Abby,latin
2914,Ada,latin
2915,Aderes,latin
2916,Adora,latin
2917,Adrienne,latin
2918,Aemilia,latin
2919,Affinity,latin
2920,Aimee,latin
2921,Alba,latin
2922,Allegra,latin
2923,Alma,latin
2924,Amanda,latin
2925,Amity,latin
2926,Amory,latin
2927,Amriel,latin
2928,Amy,latin
2929,Antlia,latin
2930,Antonia,latin
2931,April,latin
2932,Aqualina,latin
2933,Aquamarine,latin
2934,Arbor,latin
2935,Arden,latin
2936,Aril,latin
2937,Arva,latin
2938,Auburn,latin
2939,Augusta,latin
2940,Aurelia,latin
2941,Autumn,latin
2942,Ava,latin
2943,Avalon,latin
2944,Barbara,latin
2945,Beata,latin
2946,Beatrice,latin
2947,Bellona,latin
2948,Benedetta,latin
2949,Blase,latin
2950,Calcite,latin
2951,Calendula,latin
2952,Callis,latin
2953,Cambria,latin
2954,Camille,latin
2955,Campbell,latin
2956,Candida,latin
2957,Candra,latin
2958,Cara,latin
2959,Carey,latin
2960,Carina,latin
2961,Carisa,latin
2962,Carla,latin
2963,Chung,vietnamese
2964,Dong,vietnamese
2965,Duy,vietnamese
2966,Gan,vietnamese
2967,Keemo,vietnamese
2968,Lam,vietnamese
2969,Laman,vietnamese
2970,Long,vietnamese
2971,Phuoc,vietnamese
2972,Phuong,vietnamese
2973,Quan,vietnamese
2974,Quan Van,vietnamese
2975,Quang Tu,vietnamese
2976,Ritchell,vietnamese
2977,So,vietnamese
2978,Tai,vietnamese
2979,Thai,vietnamese
2980,Thong,vietnamese
2981,Tinh,vietnamese
2982,Tong,vietnamese
2983,Viet,vietnamese
2984,Vui,vietnamese
2985,Yen,vietnamese
2987,Cara,vietnamese
2988,Duyen,vietnamese
2989,Hong,vietnamese
2990,Khanh,vietnamese
2991,Kieu,vietnamese
2992,Lan,vietnamese
2993,Lieu,vietnamese
2994,Linh,vietnamese
2995,Loan,vietnamese
2996,Ly,vietnamese
2997,Mai,vietnamese
2998,Mychau,vietnamese
2999,Nguyet,vietnamese
3000,Nhi,vietnamese
3001,Nhu,vietnamese
3002,Nhung,vietnamese
3003,Nu,vietnamese
3004,Sen,vietnamese
3005,Tai,vietnamese
3006,Tam,vietnamese
3007,Tan,vietnamese
3008,Thao,vietnamese
3009,Thuy,vietnamese
3010,Tien,vietnamese
3011,Trang,vietnamese
3012,Trinh,vietnamese
3013,Tuyen,vietnamese
3014,Ut,vietnamese
3015,Xuan,vietnamese
3016,Bartram,danish
3017,Diederik,danish
3018,Gardiner,danish
3019,Hobart,danish
3020,Ib,danish
3021,Nils,danish
3022,Soren,danish
3024,Dagmar,danish
3025,Madja,danish
3026,Saffi,danish
3027,Semine,danish
3028,Abhay,hindi
3029,Abhijit,hindi
3030,Achuta,hindi
3031,Aditya,hindi
3032,Ahura,hindi
3033,Ajatashatru,hindi
3034,Ajay,hindi
3035,Akaash,hindi
3036,Akshay,hindi
3037,Alam,hindi
3038,Amit,hindi
3039,Anand,hindi
3040,Ananias,hindi
3041,Anay,hindi
3042,Anoop,hindi
3043,Aseem,hindi
3044,Asija,hindi
3045,Asuman,hindi
3046,Asvin,hindi
3047,Atharvan,hindi
3048,Atul,hindi
3049,Badal,hindi
3050,Bala,hindi
3051,Balaji,hindi
3052,Balavan,hindi
3053,Baldev,hindi
3054,Balin,hindi
3055,Banke,hindi
3056,Bharat,hindi
3057,Bhudev,hindi
3058,Bramha,hindi
3059,Bukka,hindi
3060,Chandra,hindi
3061,Dattatreya,hindi
3062,Deepak,hindi
3063,Devarsi,hindi
3064,Dhananjay,hindi
3065,Dharuna,hindi
3066,Dhatri,hindi
3067,Dilip,hindi
3068,Dinesh,hindi
3069,Duranjaya,hindi
3070,Durjaya,hindi
3071,Eknath,hindi
3072,Feroz,hindi
3073,Gajendra,hindi
3074,Ganesh,hindi
3075,Girish,hindi
3076,Gopal,hindi
3077,Hannes,hindi
3079,Akuti,hindi
3080,Alka,hindi
3081,Aloani,hindi
3082,Amari,hindi
3083,Ami,hindi
3084,Anjali,hindi
3085,Anuradha,hindi
3086,Anusha,hindi
3087,Aparna,hindi
3088,Aruna,hindi
3089,Ayana,hindi
3090,Basanti,hindi
3091,Bharati,hindi
3092,Bhuma,hindi
3093,Bina,hindi
3094,Bindiya,hindi
3095,Chandra,hindi
3096,Charu,hindi
3097,Chhaya,hindi
3098,Chitrangda,hindi
3099,Darshana,hindi
3100,Deepa,hindi
3101,Deva,hindi
3102,Devaki,hindi
3103,Dharma,hindi
3104,Dipti,hindi
3105,Divya,hindi
3106,Dristi,hindi
3107,Ekta,hindi
3108,Gatha,hindi
3109,Gayatri,hindi
3110,Gopi,hindi
3111,Harhsa,hindi
3112,Hema,hindi
3113,Henna,hindi
3114,Hiten,hindi
3115,India,hindi
3116,Indira,hindi
3117,Indu,hindi
3118,Ishara,hindi
3119,Jahnavi,hindi
3120,Jamuna,hindi
3121,Jaya,hindi
3122,Jayani,hindi
3123,Juhy,hindi
3124,Jyoti,hindi
3125,Kailas,hindi
3126,Kajal,hindi
3127,Kajol,hindi
3128,Kala,hindi
3129,Adalbert,old-german
3130,Adalgiso,old-german
3131,Adelbert,old-german
3132,Adelfried,old-german
3133,Adelino,old-german
3134,Adelmio,old-german
3135,Adelmo,old-german
3136,Ademaro,old-german
3137,Ahren,old-german
3138,Aksel,old-german
3139,Alfonso,old-german
3140,Alice,old-german
3141,Aloysius,old-german
3142,Anselm,old-german
3143,Blaz,old-german
3144,Carl,old-german
3145,Carolus,old-german
3146,Conrad,old-german
3147,Engelbert,old-german
3148,Ernest,old-german
3149,Hamlet,old-german
3150,Harold,old-german
3151,Harvey,old-german
3152,Jarvis,old-german
3153,Leopold,old-german
3154,Orlantha,old-german
3156,Aloysia,old-german
3157,Carla,old-german
3158,Carol,old-german
3159,Chay,old-german
3160,Ella,old-german
3161,Emiline,old-german
3162,Ernestine,old-german
3163,Etta,old-german
3164,Ida,old-german
3165,Leopolda,old-german
3166,Leyna,old-german
3167,Lorraine,old-german
3168,Louise,old-german
3169,Minna,old-german
3170,Berk,turkish
3171,Muzaffer,turkish
3172,Nedim,turkish
3173,Nesim,turkish
3174,Nesip,turkish
3175,Okan,turkish
3176,Olcay,turkish
3177,Onan,turkish
3178,Ozan,turkish
3179,Ozaner,turkish
3180,Sadi,turkish
3181,Safak,turkish
3182,Selim,turkish
3183,Semih,turkish
3184,Sencer,turkish
3185,Sevilin,turkish
3186,Sinan,turkish
3187,Taner,turkish
3188,Tarkan,turkish
3189,Tecer,turkish
3190,Tercan,turkish
3191,Tezer,turkish
3192,Tuncer,turkish
3193,Ufuk,turkish
3194,Ugur,turkish
3195,Ulucan,turkish
3196,Yigit,turkish
3197,Yucel,turkish
3198,Zafer,turkish
3199,Zeki,turkish
3200,Zeren,turkish
3202,Aylin,turkish
3203,Banu,turkish
3204,Jale,turkish
3205,Kari,turkish
3206,Karli,turkish
3207,Kerzi,turkish
3208,Kiral,turkish
3209,Nagihan,turkish
3210,Nerhim,turkish
3211,Nilgun,turkish
3212,Nuray,turkish
3213,Nurhan,turkish
3214,Olcay,turkish
3215,Onur,turkish
3216,Safak,turkish
3217,Sefika,turkish
3218,Semra,turkish
3219,Sezen,turkish
3220,Sibel,turkish
3221,Sila,turkish
3222,Zerdali,turkish
3223,Kers,indian
3224,Mog,indian
3225,Omprakash,indian
3226,Prabodh,indian
3227,Praful,indian
3228,Som,indian
3230,Ketaki,indian
3231,Kusum,indian
3232,Narmada,indian
3233,Naveena,indian
3234,Nishtha,indian
3235,Nivedita,indian
3236,Sahana,indian
3237,Salena,indian
3238,Sanchali,indian
3239,Sanchaya,indian
3240,Sanjana,indian
3241,Shivani,indian
3242,Shubhada,indian
3243,Sumitra,indian
3244,Swati,indian
3245,Tarangini,indian
3246,Tarjani,indian
3247,Trilochana,indian
3248,Zaqaria,indian
3249,Bedrich,czechoslovakian
3250,Cerny,czechoslovakian
3251,Damek,czechoslovakian
3252,Karel,czechoslovakian
3253,Kliment,czechoslovakian
3254,Ladislav,czechoslovakian
3255,Libor,czechoslovakian
3256,Ludomir,czechoslovakian
3257,Oldrich,czechoslovakian
3258,Radek,czechoslovakian
3259,Radoslav,czechoslovakian
3260,Rehor,czechoslovakian
3261,Strom,czechoslovakian
3262,Vasil,czechoslovakian
3263,Vavrin,czechoslovakian
3264,Vavrinec,czechoslovakian
3265,Veleslav,czechoslovakian
3266,Venec,czechoslovakian
3267,Vila,czechoslovakian
3268,Vladislav,czechoslovakian
3269,Vojtech,czechoslovakian
3270,Zdenek,czechoslovakian
3271,Zitomer,czechoslovakian
3273,Bela,czechoslovakian
3274,Kalene,czechoslovakian
3275,Katarzyna,czechoslovakian
3276,Krista,czechoslovakian
3277,Krysta,czechoslovakian
3278,Marjeta,czechoslovakian
3279,Nadezda,czechoslovakian
3280,Pribislava,czechoslovakian
3281,Rickena,czechoslovakian
3282,Ryba,czechoslovakian
3283,Virsila,czechoslovakian
3284,Vondra,czechoslovakian
3285,Zdenek,czechoslovakian
3286,Zelenka,czechoslovakian
3287,Zuza,czechoslovakian
